{
  "project_info": {
    "project_number": "1061869471759",
    "project_id": "wanderlust-fcb5e",
    "storage_bucket": "wanderlust-fcb5e.appspot.com"
  },
  "client": [
    {
      "client_info": {
        "mobilesdk_app_id": "1:1061869471759:android:a44d099453fa6be38ebb7a",
        "android_client_info": {
          "package_name": "com.example.wanderlust"
        }
      },
      "oauth_client": [
        {
          "client_id": "1061869471759-6eol7eo7e4dkep5cr63m26qg2ps2818t.apps.googleusercontent.com",
          "client_type": 3
        }
      ],
      "api_key": [
        {
          "current_key": "AIzaSyBc6XH3o9V-ZthaOZY68McJs0hIl5Q6l6I"
        }
      ],
      "services": {
        "appinvite_service": {
          "other_platform_oauth_client": [
            {
              "client_id": "1061869471759-6eol7eo7e4dkep5cr63m26qg2ps2818t.apps.googleusercontent.com",
              "client_type": 3
            }
          ]
        }
      }
    }
  ],
  "configuration_version": "1"
}